City_ID,City,Country,Lat,Lng,Max Temp,Humidity,Cloudiness,Wind Speed,Current Description
0,Salalah,OM,17.0151,54.0924,81.16,85,100,7.11,overcast clouds
1,Thompson,CA,55.7435,-97.8558,46.56,25,20,11.5,few clouds
2,Astoria,US,46.1879,-123.8313,62.71,65,40,5.75,scattered clouds
3,Bluff,NZ,-46.6,168.3333,50.34,80,100,29.48,light rain
4,Hobart,AU,-42.8794,147.3294,44.26,89,75,10.36,broken clouds
5,Rikitea,PF,-23.1203,-134.9692,75.24,74,12,6.6,few clouds
6,Klaksvik,FO,62.2266,-6.589,49.12,87,99,14.72,overcast clouds
7,Ushuaia,AR,-54.8,-68.3,42.46,65,40,11.5,scattered clouds
8,Yellowknife,CA,62.456,-114.3525,55.92,41,75,5.75,broken clouds
9,Vaini,TO,-21.2,-175.2,69.96,94,75,4.61,broken clouds
10,Puerto Ayora,EC,-0.7393,-90.3518,76.96,90,63,8.99,broken clouds
11,Severo-Kurilsk,RU,50.6789,156.125,41.56,96,96,0.63,overcast clouds
12,Chumikan,RU,54.7183,135.315,32.2,99,100,3.33,light snow
13,Kodiak,US,57.79,-152.4072,45.52,79,100,24.23,overcast clouds
14,Busselton,AU,-33.65,115.3333,59.85,75,0,9.08,clear sky
15,Kapaa,US,22.0752,-159.319,80.58,91,2,4.0,light rain
16,Bredasdorp,ZA,-34.5322,20.0403,53.47,82,11,5.7,few clouds
17,Banikoara,BJ,11.2985,2.4386,90.43,35,80,1.88,broken clouds
18,Tasiilaq,GL,65.6145,-37.6368,37.8,72,100,4.43,overcast clouds
19,Tancanhuitz,MX,21.6,-98.9667,105.94,23,0,9.37,clear sky
20,Punta Arenas,CL,-53.15,-70.9167,42.91,65,0,17.27,clear sky
21,Jamestown,US,42.097,-79.2353,80.24,65,40,9.22,scattered clouds
22,Narsaq,GL,60.9167,-46.05,45.73,58,9,4.5,clear sky
23,Pevek,RU,69.7008,170.3133,33.75,89,100,5.12,overcast clouds
24,Upernavik,GL,72.7868,-56.1549,29.79,77,100,7.58,overcast clouds
25,Port Blair,IN,11.6667,92.75,84.24,84,75,8.05,mist
26,Hearst,CA,49.6835,-83.6665,43.05,57,100,7.67,overcast clouds
27,Georgetown,MY,5.4112,100.3354,82.33,88,20,2.3,few clouds
28,Kaitangata,NZ,-46.2817,169.8464,47.97,92,100,15.39,overcast clouds
29,Kudahuvadhoo,MV,2.6708,72.8944,83.21,76,52,9.26,broken clouds
30,Ilulissat,GL,69.2167,-51.1,34.86,81,100,7.94,overcast clouds
31,Mataura,NZ,-46.1927,168.8643,46.22,95,100,11.43,light rain
32,Dospat,BG,41.65,24.1667,52.61,72,0,4.25,clear sky
33,Itupiranga,BR,-5.1347,-49.3267,88.12,53,72,4.83,broken clouds
34,Avarua,CK,-21.2078,-159.775,73.45,88,40,1.14,scattered clouds
35,Topola,RS,44.2542,20.6825,74.48,77,100,4.27,overcast clouds
36,Jalu,LY,29.0331,21.5482,72.57,33,0,15.68,clear sky
37,Quatre Cocos,MU,-20.2078,57.7625,75.31,68,4,14.32,clear sky
38,Kahului,US,20.8947,-156.47,81.97,80,20,10.0,few clouds
39,Raudeberg,NO,61.9875,5.1352,51.87,73,99,15.5,light rain
40,Chokurdakh,RU,70.6333,147.9167,33.24,100,100,3.71,overcast clouds
41,Bima,ID,-8.4667,118.7167,72.77,91,6,2.28,clear sky
42,Albany,US,42.6001,-73.9662,91.17,56,0,6.4,clear sky
43,Dikson,RU,73.5069,80.5464,27.41,95,100,8.5,overcast clouds
44,Silver City,US,32.7701,-108.2803,78.76,17,0,8.99,clear sky
45,Tallahassee,US,30.4383,-84.2807,76.68,92,0,1.99,clear sky
46,Hithadhoo,MV,-0.6,73.0833,83.05,70,12,8.21,few clouds
47,Luganville,VU,-15.5333,167.1667,76.01,89,11,2.95,few clouds
48,Henties Bay,NA,-22.116,14.2845,57.33,75,1,12.5,clear sky
49,Skorping,DK,56.8363,9.8926,54.68,86,5,7.81,clear sky
50,Galveston,US,29.3669,-94.9669,93.02,77,7,5.01,clear sky
51,Itacurubi Del Rosario,PY,-24.5,-56.6833,72.18,46,17,2.48,few clouds
52,Carnarvon,AU,-24.8667,113.6333,71.28,63,100,5.44,overcast clouds
53,Sukhumi,GE,43.0033,41.0153,56.59,73,10,6.2,clear sky
54,Mahebourg,MU,-20.4081,57.7,75.49,73,40,11.5,scattered clouds
55,Butaritari,KI,3.0707,172.7902,80.94,80,99,10.92,overcast clouds
56,Coroico,BO,-16.1889,-67.7271,74.07,47,40,5.59,scattered clouds
57,Tiksi,RU,71.6872,128.8694,22.86,99,100,2.95,overcast clouds
58,Bathsheba,BB,13.2167,-59.5167,86.61,66,20,19.57,few clouds
59,Torbay,CA,47.6666,-52.7314,63.37,34,20,6.91,few clouds
60,Jieshi,CN,22.8134,115.8257,76.95,88,100,14.38,overcast clouds
61,Hermanus,ZA,-34.4187,19.2345,58.32,75,39,6.93,scattered clouds
62,Aykhal,RU,66.0,111.5,39.52,76,67,3.44,broken clouds
63,Nadym,RU,65.5333,72.5167,34.11,85,100,14.2,overcast clouds
64,Cherskiy,RU,68.75,161.3,51.31,54,43,11.48,scattered clouds
65,Port Alfred,ZA,-33.5906,26.891,59.59,73,11,3.49,few clouds
66,Brae,GB,60.3964,-1.353,51.3,80,82,13.53,broken clouds
67,Oranjemund,NA,-28.55,16.4333,54.0,87,26,10.71,scattered clouds
68,Luderitz,NA,-26.6481,15.1594,56.8,64,9,18.45,clear sky
69,Port Hedland,AU,-20.3167,118.5667,73.45,100,100,0.0,overcast clouds
70,Bethel,US,41.3712,-73.414,93.34,62,0,1.99,clear sky
71,Sistranda,NO,63.7256,8.834,49.96,90,100,9.93,light rain
72,Saskylakh,RU,71.9167,114.0833,26.83,99,97,6.58,overcast clouds
73,Schruns,AT,47.0709,9.9475,59.63,92,81,1.1,broken clouds
74,Victoria,HK,22.2855,114.1577,78.85,90,100,11.99,overcast clouds
75,Saint-Philippe,RE,-21.3585,55.7679,71.19,79,99,11.32,overcast clouds
76,Santa Fe,AR,-31.6333,-60.7,75.02,55,100,1.99,light rain
77,Karratha,AU,-20.7377,116.8463,76.75,76,98,5.03,light rain
78,Wakema,MM,16.6,95.1833,79.72,90,100,10.47,overcast clouds
79,Bilibino,RU,68.0546,166.4372,39.76,82,100,2.1,overcast clouds
80,Tevaitoa,PF,-16.7833,-151.5,80.2,72,16,10.25,light rain
81,Kruisfontein,ZA,-34.0033,24.7314,54.88,85,8,5.59,clear sky
82,Cape Town,ZA,-33.9258,18.4232,58.12,79,0,2.3,clear sky
83,Touros,BR,-5.1989,-35.4608,82.67,71,33,13.47,scattered clouds
84,San Patricio,US,28.017,-97.5169,98.17,48,0,19.71,clear sky
85,Kismayo,SO,-0.3582,42.5454,79.63,82,100,13.15,overcast clouds
86,Clyde River,CA,70.4692,-68.5914,23.23,86,100,6.91,overcast clouds
87,Khuzdar,PK,27.7384,66.6434,80.2,7,0,7.61,clear sky
88,East London,ZA,-33.0153,27.9116,59.94,88,0,6.91,clear sky
89,Mandalgovi,MN,45.7625,106.2708,58.24,55,90,10.65,overcast clouds
90,Malmesbury,ZA,-33.4608,18.7271,50.77,87,9,3.91,clear sky
91,Norman Wells,CA,65.282,-126.8329,42.84,87,100,19.57,overcast clouds
92,Atuona,PF,-9.8,-139.0333,77.67,76,14,11.03,few clouds
93,Castro,BR,-24.7911,-50.0119,63.66,47,8,3.91,clear sky
94,Suntar,RU,62.1444,117.6319,45.37,84,72,3.96,broken clouds
95,Mount Gambier,AU,-37.8333,140.7667,44.62,93,6,4.97,clear sky
96,Ribeira Grande,PT,38.5167,-28.7,64.8,100,100,6.91,drizzle
97,Qaanaaq,GL,77.484,-69.3632,19.87,80,100,2.89,overcast clouds
98,Grand Gaube,MU,-20.0064,57.6608,75.6,75,0,4.0,clear sky
99,Kibara,TZ,-2.15,33.45,73.51,69,100,5.28,overcast clouds
100,Bahia Blanca,AR,-38.7196,-62.2724,63.55,37,0,9.69,clear sky
101,Cidreira,BR,-30.1811,-50.2056,64.54,59,9,4.5,clear sky
102,Leningradskiy,RU,69.3833,178.4167,32.54,97,97,9.78,overcast clouds
103,Cayenne,GF,4.9333,-52.3333,82.09,1,75,12.66,broken clouds
104,Sarakhs,IR,36.5449,61.1577,68.29,34,100,15.84,overcast clouds
105,Bubaque,GW,11.2833,-15.8333,79.0,79,100,17.92,overcast clouds
106,Airai,TL,-8.9266,125.4092,57.47,90,23,3.62,few clouds
107,Ostrovnoy,RU,68.0531,39.5131,30.42,73,10,8.81,clear sky
108,Sao Filipe,CV,14.8961,-24.4956,72.9,79,52,13.22,broken clouds
109,Yar-Sale,RU,66.8333,70.8333,31.1,80,100,13.78,overcast clouds
110,Nuuk,GL,64.1835,-51.7216,38.08,68,30,14.34,scattered clouds
111,Katsuura,JP,35.1333,140.3,60.98,94,100,15.79,light rain
112,Popondetta,PG,-8.7537,148.2534,72.18,90,16,3.2,few clouds
113,Opuwo,NA,-18.0607,13.84,59.09,13,0,6.6,clear sky
114,Castrovillari,IT,39.8203,16.2123,61.09,86,12,6.51,few clouds
115,Kloulklubed,PW,7.0419,134.2556,83.26,76,99,7.47,overcast clouds
116,Barrow,US,71.2906,-156.7887,21.22,93,100,9.22,overcast clouds
117,Hanchuan,CN,30.65,113.7667,69.91,80,96,1.14,overcast clouds
118,Menongue,AO,-14.6585,17.691,57.45,45,64,2.89,broken clouds
119,Vila Velha,BR,-20.3297,-40.2925,76.95,57,20,14.97,few clouds
120,Sinnamary,GF,5.3833,-52.95,77.97,89,98,11.54,overcast clouds
121,Mabaruma,GY,8.2,-59.7833,83.68,62,71,7.87,broken clouds
122,Aquiraz,BR,-3.9014,-38.3911,84.29,75,21,7.02,few clouds
123,Nikolskoye,RU,59.7035,30.7861,49.89,56,5,9.84,clear sky
124,Tabory,RU,58.5198,64.5495,45.45,98,100,7.36,moderate rain
125,Weatherford,US,32.7593,-97.7972,85.05,66,91,8.01,overcast clouds
126,Bud,US,39.447,-86.1758,82.74,84,100,13.85,moderate rain
127,Soe,ID,-9.8607,124.284,64.31,93,85,3.83,overcast clouds
128,Erzin,TR,36.9559,36.2,71.26,28,5,7.54,clear sky
129,Ponta Do Sol,PT,32.6667,-17.1,70.72,79,25,1.52,scattered clouds
130,Kilindoni,TZ,-7.9139,39.6668,79.88,75,14,12.12,few clouds
131,Adolfo Lopez Mateos,MX,28.4667,-107.3,78.93,7,0,8.21,clear sky
132,Dawlatabad,AF,36.4141,64.9053,65.61,54,100,19.26,overcast clouds
133,Lufilufi,WS,-13.8745,-171.5986,74.98,77,54,14.67,light rain
134,Abay,KZ,49.6311,72.8539,59.38,61,17,8.3,few clouds
135,Chuy,UY,-33.6971,-53.4616,61.9,59,100,7.36,overcast clouds
136,Sitka,US,57.0531,-135.33,62.2,49,0,3.85,clear sky
137,Tolaga Bay,NZ,-38.3667,178.3,54.43,68,3,11.83,clear sky
138,Sitio Novo Do Tocantins,BR,-5.5183,-47.4611,87.73,58,0,6.91,clear sky
139,Praia Da Vitoria,PT,38.7333,-27.0667,70.05,88,40,1.97,scattered clouds
140,Treinta Y Tres,UY,-33.2333,-54.3833,60.84,66,99,8.16,overcast clouds
141,Alice Springs,AU,-23.7,133.8833,42.35,65,10,0.0,clear sky
142,Puerto Lempira,HN,15.2667,-83.7667,78.94,83,100,5.75,overcast clouds
143,San Cristobal,VE,7.7669,-72.225,78.98,45,100,9.22,overcast clouds
144,Hilo,US,19.7297,-155.09,76.62,89,33,1.99,scattered clouds
145,Ancud,CL,-41.8697,-73.8203,54.19,91,100,26.53,light rain
146,Ketchikan,US,55.3422,-131.6461,62.4,45,0,2.62,clear sky
147,Vestmannaeyjar,IS,63.4427,-20.2734,50.27,82,100,7.54,overcast clouds
148,Akdepe,TM,42.0551,59.3788,59.09,38,7,10.04,clear sky
149,Ukiah,US,39.1502,-123.2078,81.45,39,43,1.01,scattered clouds
150,Talnakh,RU,69.4865,88.3972,42.21,100,100,1.5,overcast clouds
151,Fortuna,US,40.5982,-124.1573,61.93,72,20,12.66,few clouds
152,Makakilo City,US,21.3469,-158.0858,80.01,78,6,4.97,clear sky
153,Mar Del Plata,AR,-38.0023,-57.5575,68.02,64,0,4.61,clear sky
154,Rawson,AR,-43.3002,-65.1023,63.59,37,100,14.54,overcast clouds
155,Aksu,CN,41.1231,80.2644,75.69,27,100,10.38,overcast clouds
156,Cabo San Lucas,MX,22.8909,-109.9124,84.61,63,0,11.79,clear sky
157,Conde,BR,-7.2597,-34.9075,83.66,74,20,13.8,few clouds
158,Arraial Do Cabo,BR,-22.9661,-42.0278,73.36,64,20,9.22,few clouds
159,Evans,US,33.5337,-82.1307,89.85,56,100,1.99,overcast clouds
160,Bonthe,SL,7.5264,-12.505,76.17,87,100,8.68,overcast clouds
161,Orapa,BW,-21.2833,25.3667,53.2,43,5,7.0,clear sky
162,Pangkalanbuun,ID,-2.6833,111.6167,75.22,96,100,2.3,overcast clouds
163,Prince Rupert,CA,54.3161,-130.3201,51.89,86,0,4.61,clear sky
164,Port Pirie,AU,-33.1833,138.0167,54.32,80,0,4.38,clear sky
165,Saint George,US,37.1041,-113.5841,74.79,12,12,3.0,few clouds
166,Jinchang,CN,38.4953,102.1739,66.87,25,82,2.04,broken clouds
167,Balkanabat,TM,39.5108,54.3671,63.88,42,0,9.51,clear sky
168,Longyearbyen,SJ,78.2186,15.6401,37.24,70,75,6.91,broken clouds
169,Bengkulu,ID,-3.8004,102.2655,76.6,89,100,3.89,overcast clouds
170,Charters Towers,AU,-20.1,146.2667,61.45,89,75,9.06,broken clouds
171,Deputatskiy,RU,69.3,139.9,29.86,93,100,0.96,overcast clouds
172,Alcudia,ES,39.8532,3.1214,76.95,50,13,2.04,few clouds
173,Hofn,IS,64.2539,-15.2082,48.81,85,100,9.04,overcast clouds
174,Lebu,CL,-37.6167,-73.65,55.44,80,88,8.55,overcast clouds
175,Sisimiut,GL,66.9395,-53.6735,38.37,66,100,6.6,overcast clouds
176,College,US,64.8569,-147.8028,66.47,38,95,1.99,overcast clouds
177,Bulawayo,ZW,-20.15,28.5833,53.37,34,2,5.19,clear sky
178,Paka,MY,4.6374,103.4368,78.73,100,100,0.0,overcast clouds
179,Axim,GH,4.8699,-2.2405,77.0,89,100,12.62,moderate rain
180,Windham,US,41.8334,-72.0001,91.02,64,100,6.04,overcast clouds
181,Sadovoye,RU,47.7764,44.5089,49.37,96,100,12.93,light rain
182,Matara,LK,5.9485,80.5353,78.69,88,49,9.33,scattered clouds
183,Tuatapere,NZ,-46.1333,167.6833,47.66,88,98,15.55,light rain
184,Meulaboh,ID,4.1363,96.1285,77.88,88,100,2.44,overcast clouds
185,Taoudenni,ML,22.6783,-3.9836,100.36,6,4,11.72,clear sky
186,Pierre,US,44.3683,-100.351,54.05,49,100,20.0,overcast clouds
187,Beringovskiy,RU,63.05,179.3167,35.02,91,100,7.11,overcast clouds
188,La Paz,BO,-16.5,-68.15,62.58,14,40,10.36,scattered clouds
189,Lorengau,PG,-2.0226,147.2712,82.0,78,100,7.27,overcast clouds
190,Udachnyy,RU,66.4167,112.4,44.46,65,23,3.49,few clouds
191,Tuktoyaktuk,CA,69.4541,-133.0374,28.4,69,100,8.05,overcast clouds
192,Manggar,ID,-2.8833,108.2667,80.89,79,100,2.57,overcast clouds
193,Puerto Carreno,CO,6.189,-67.4859,88.32,54,100,6.67,overcast clouds
194,Ajaccio,FR,42.0,8.9167,66.18,73,0,4.61,clear sky
195,Sorland,NO,67.667,12.6934,42.66,89,63,8.68,broken clouds
196,Dandong,CN,40.1292,124.3947,54.05,96,49,1.95,scattered clouds
197,Amapa,BR,1.0,-52.0,75.51,97,100,2.51,overcast clouds
198,Forio,IT,40.7342,13.8646,70.09,76,11,1.01,few clouds
199,Abu Samrah,SY,35.3029,37.1841,76.78,14,99,9.33,overcast clouds
200,Pontianak,ID,-0.0333,109.3333,78.78,94,100,2.3,overcast clouds
201,Jumla,NP,29.2747,82.1838,51.37,78,7,3.94,clear sky
202,Mount Isa,AU,-20.7333,139.5,64.17,68,40,5.75,scattered clouds
203,Port Elizabeth,ZA,-33.918,25.5701,60.31,84,10,1.99,clear sky
204,Kavieng,PG,-2.5744,150.7967,81.99,71,100,10.96,overcast clouds
205,Xuanhua,CN,40.6103,115.0447,70.83,25,94,0.31,overcast clouds
206,Faanui,PF,-16.4833,-151.75,80.33,72,17,10.47,few clouds
207,Diapaga,BF,12.0708,1.7889,92.05,37,27,9.04,scattered clouds
208,Roald,NO,62.5833,6.1333,52.72,87,75,9.22,broken clouds
209,Varzelandia,BR,-15.7014,-44.0275,81.86,16,7,0.29,clear sky
210,Tomatlan,MX,19.9333,-105.25,96.03,29,0,10.78,clear sky
211,Smalininkai,LT,55.0735,22.5793,47.62,95,100,11.27,overcast clouds
212,Akyab,MM,20.15,92.9,84.2,78,96,1.97,overcast clouds
213,Almenara,BR,-16.1836,-40.6944,80.83,38,3,3.31,clear sky
214,Faya,SA,18.3851,42.4509,72.66,16,4,6.11,clear sky
215,Poya,NC,-21.35,165.15,73.47,91,85,5.55,overcast clouds
216,Rorvik,NO,64.8621,11.2373,48.24,87,100,8.12,overcast clouds
217,Provideniya,RU,64.3833,-173.3,49.8,51,96,12.21,overcast clouds
218,Sampit,ID,-2.5333,112.95,75.0,95,100,1.86,overcast clouds
219,Olinda,BR,-8.0089,-34.8553,82.13,74,20,14.97,few clouds
220,Usinsk,RU,65.9939,57.5281,33.49,71,100,19.95,overcast clouds
221,Micomeseng,GQ,2.1462,10.6164,70.9,98,100,2.42,light rain
222,Marzuq,YE,14.4,46.4667,79.38,26,39,3.49,scattered clouds
223,Gorontalo,ID,0.5412,123.0595,75.74,96,100,1.14,light rain
224,Grasse,FR,43.6667,6.9167,65.19,82,0,2.3,clear sky
225,Kangaatsiaq,GL,68.3065,-53.4641,31.91,88,100,8.9,overcast clouds
226,Souillac,MU,-20.5167,57.5167,73.89,73,0,12.19,clear sky
227,New Norfolk,AU,-42.7826,147.0587,43.92,87,18,2.53,few clouds
228,Pangnirtung,CA,66.1451,-65.7125,37.26,80,100,12.33,overcast clouds
229,Gopamau,IN,27.55,80.2833,90.68,22,84,3.91,broken clouds
230,Shimoda,JP,34.6667,138.95,60.8,87,100,10.63,overcast clouds
231,Vinh,VN,18.6667,105.6667,75.96,96,100,6.08,moderate rain
232,Yazykovo,RU,55.2199,56.1353,38.93,87,100,9.89,overcast clouds
233,Anadyr,RU,64.75,177.4833,33.01,95,87,5.99,overcast clouds
234,Bandar-E Anzali,IR,37.4727,49.4622,57.24,84,0,7.65,clear sky
235,Suharau,RO,48.1333,26.4167,67.46,52,100,16.33,overcast clouds
236,Xingyi,CN,24.1877,102.817,58.87,99,100,2.93,overcast clouds
237,Rawah,IQ,34.4816,41.9093,78.75,7,50,7.25,scattered clouds
238,Oskarshamn,SE,57.2645,16.4484,48.97,60,100,8.1,overcast clouds
239,Antalaha,MG,-14.9003,50.2788,73.22,93,91,6.24,moderate rain
240,Sola,VU,-13.8833,167.55,80.85,76,34,6.26,scattered clouds
241,Iqaluit,CA,63.7506,-68.5145,31.73,93,100,36.82,overcast clouds
242,Kavaratti,IN,10.5669,72.642,83.37,78,99,16.84,overcast clouds
243,Nabagram,IN,22.2881,88.5092,82.38,60,100,15.59,overcast clouds
244,Codrington,AU,-38.2667,141.9667,43.57,93,6,7.29,clear sky
245,Preobrazheniye,RU,42.9019,133.9064,51.19,92,99,4.32,overcast clouds
246,Hamilton,US,39.1834,-84.5333,84.83,80,0,4.0,clear sky
247,Tual,ID,-5.6667,132.75,82.2,77,30,17.09,scattered clouds
248,Mazatlan,MX,23.2167,-106.4167,83.01,75,1,5.01,clear sky
249,Dunhua,CN,43.3725,128.2425,49.08,73,100,1.86,overcast clouds
250,Ucluelet,CA,48.9329,-125.5528,55.09,82,0,3.0,clear sky
251,Lasa,IT,46.6166,10.7002,64.02,61,75,6.13,broken clouds
252,Ponta Delgada,PT,37.7333,-25.6667,65.12,100,75,6.91,light intensity drizzle
253,Monrovia,LR,6.3005,-10.7969,77.77,86,100,10.78,light rain
254,Muros,ES,42.7762,-9.0603,72.09,79,100,6.87,light rain
255,Broome,US,42.2506,-75.833,91.45,51,40,12.66,scattered clouds
256,Avera,US,33.194,-82.5271,87.85,34,100,7.2,overcast clouds
257,Calabozo,VE,8.9242,-67.4293,95.9,28,3,8.52,clear sky
258,Veraval,IN,20.9,70.3667,83.14,79,46,19.77,scattered clouds
259,Krasnogvardeyets,RU,52.6804,52.3635,38.12,90,8,8.19,clear sky
260,Halifax,CA,44.6453,-63.5724,64.29,58,12,8.01,few clouds
261,Kantang,TH,7.4054,99.5156,79.41,88,100,5.59,overcast clouds
262,Eureka,US,40.8021,-124.1637,63.12,70,100,5.01,overcast clouds
263,Bandarbeyla,SO,9.4942,50.8122,80.64,84,100,20.42,overcast clouds
264,Kenai,US,60.5544,-151.2583,64.02,57,100,7.7,overcast clouds
265,Verkh-Suetka,RU,53.3,80.05,63.68,49,100,9.13,overcast clouds
266,Laguna,US,38.421,-121.4238,82.44,20,0,8.05,clear sky
267,Russell,US,32.3502,-85.1999,89.91,37,100,5.91,overcast clouds
268,Caravelas,BR,-17.7125,-39.2481,75.29,63,2,8.57,clear sky
269,Anloga,GH,5.7947,0.8973,78.12,89,100,16.31,light rain
270,Tecpan,GT,14.7623,-90.9947,71.89,75,86,4.94,overcast clouds
271,Nizhnevartovsk,RU,60.9344,76.5531,46.42,81,0,11.18,clear sky
272,Oshawa,CA,43.9001,-78.8496,73.81,53,100,21.85,overcast clouds
273,Rio Grande,BR,-32.035,-52.0986,66.94,58,99,4.43,overcast clouds
274,Khandbari,NP,27.3747,87.2039,67.89,73,60,3.78,broken clouds
275,Khatanga,RU,71.9667,102.5,35.4,98,100,6.13,overcast clouds
276,Eyl,SO,7.9803,49.8164,83.41,70,82,21.43,broken clouds
277,Naze,JP,28.3667,129.4833,67.39,85,30,9.26,scattered clouds
278,Saquarema,BR,-22.92,-42.5103,69.48,73,6,6.87,clear sky
279,Luzilandia,BR,-3.4578,-42.3703,83.64,76,96,0.87,moderate rain
280,Talas,TR,38.6908,35.5538,56.07,54,0,0.0,clear sky
281,Zurrieq,MT,35.8311,14.4742,66.96,82,20,8.05,few clouds
282,Sangueya,GN,10.7,-14.3667,81.63,72,100,9.13,overcast clouds
283,Praia,CV,14.9215,-23.5087,75.74,60,20,17.27,few clouds
284,Mana,GF,5.6592,-53.7767,78.22,87,100,11.32,light rain
285,Exaplatanos,GR,40.9772,22.125,70.21,49,1,6.31,clear sky
286,Brcko,BA,44.8728,18.8083,75.02,71,80,3.53,broken clouds
287,Correntina,BR,-13.3433,-44.6367,87.76,21,3,1.3,clear sky
288,Jibuti,DJ,11.5,42.5,88.32,21,100,8.7,overcast clouds
289,Hailar,CN,49.2,119.7,52.03,44,60,7.78,broken clouds
290,Nanortalik,GL,60.1432,-45.2371,39.7,77,89,5.39,overcast clouds
291,Birao,CF,10.2849,22.7882,86.38,46,93,11.68,overcast clouds
292,Bacolod,PH,10.6667,122.95,78.57,85,43,3.65,scattered clouds
293,Dubovskoye,RU,47.4092,42.7575,55.58,90,100,8.1,heavy intensity rain
294,Morales,CO,2.757,-76.6172,72.57,72,48,3.09,moderate rain
295,Bambous Virieux,MU,-20.3428,57.7575,73.22,68,4,14.0,clear sky
296,Taltal,CL,-25.4,-70.4833,65.19,70,22,4.83,few clouds
297,Haines Junction,CA,60.7522,-137.5108,55.49,45,9,3.8,clear sky
298,Berlevag,NO,70.8578,29.0864,39.15,87,100,11.5,light rain
299,Hun,LY,29.1268,15.9477,73.62,17,0,7.99,clear sky
300,Great Yarmouth,GB,52.6083,1.7305,61.45,79,100,5.01,overcast clouds
301,Ahipara,NZ,-35.1667,173.1667,59.95,78,100,12.93,overcast clouds
302,Alta Floresta,BR,-9.8756,-56.0861,82.62,46,0,2.64,clear sky
303,San Lazaro,BZ,18.0387,-88.6622,97.48,41,80,14.45,broken clouds
304,Salvador,SV,13.8333,-88.9167,79.2,68,91,4.83,overcast clouds
305,Lavrentiya,RU,65.5833,-171.0,37.17,87,72,9.26,broken clouds
306,Padang,ID,-0.9492,100.3543,77.7,89,97,2.91,heavy intensity rain
307,Sibiti,CG,-3.6819,13.3499,70.41,93,100,1.68,overcast clouds
308,Lata,PT,40.1629,-8.3327,64.81,84,24,2.93,few clouds
309,Quang Ngai,VN,15.1167,108.8,77.16,92,100,2.77,overcast clouds
310,Farafangana,MG,-22.8167,47.8333,68.59,85,1,2.64,clear sky
311,Okha,RU,53.5739,142.9478,32.52,99,100,9.51,snow
312,Mayna,RU,54.1135,47.6231,37.62,81,72,4.97,broken clouds
313,Camacari,BR,-12.6975,-38.3242,82.17,63,54,9.04,broken clouds
314,Luang Prabang,LA,19.8856,102.1347,74.7,99,100,1.19,moderate rain
315,Barstow,US,34.8986,-117.0228,77.99,14,0,2.8,clear sky
316,Houston,US,29.7633,-95.3633,96.42,63,75,14.97,haze
317,Adrar,MR,20.5022,-10.0711,93.99,8,2,2.28,clear sky
318,Alexandria,EG,31.2156,29.9553,68.14,60,0,12.77,clear sky
319,Peniche,PT,39.3558,-9.3811,72.09,82,3,21.14,clear sky
320,Cody,US,44.5263,-109.0565,47.59,53,100,7.0,overcast clouds
321,Kaikalur,IN,16.5667,81.2,85.73,58,98,5.99,overcast clouds
322,Araouane,ML,18.9048,-3.5265,97.86,11,17,6.91,few clouds
323,Biak,ID,-0.9131,122.8766,75.11,80,99,4.76,overcast clouds
324,Nelson Bay,AU,-32.7167,152.15,64.0,97,95,6.38,light rain
325,Homer,US,59.6425,-151.5483,60.69,35,0,13.8,clear sky
326,Saldanha,ZA,-33.0117,17.9442,58.8,77,47,10.47,scattered clouds
327,Kupang,ID,-10.1667,123.5833,76.15,84,51,8.34,broken clouds
328,Kieta,PG,-6.2167,155.6333,78.04,84,21,1.05,few clouds
329,Kununurra,AU,-15.7667,128.7333,71.58,40,6,2.3,clear sky
330,Podosinovets,RU,60.2776,47.0659,30.81,97,100,7.67,light snow
331,Guerrero Negro,MX,27.9769,-114.0611,71.44,51,8,10.09,clear sky
332,Watertown,US,42.3709,-71.1828,90.9,64,0,4.0,clear sky
333,Daphne,US,30.6035,-87.9036,87.85,72,20,18.41,few clouds
334,Santa Vitoria Do Palmar,BR,-33.5189,-53.3681,61.11,61,100,6.78,overcast clouds
335,Mpanda,TZ,-6.3655,31.0409,67.23,75,93,2.24,overcast clouds
336,Muisne,EC,0.6,-80.0333,80.56,81,92,6.8,overcast clouds
337,Huron,US,41.1501,-82.5499,85.44,63,100,13.13,overcast clouds
338,Vardo,NO,70.3705,31.1107,39.18,81,75,21.85,broken clouds
339,Murray Bridge,AU,-35.1167,139.2667,55.13,80,100,3.91,overcast clouds
340,Tessalit,ML,20.1986,1.0114,95.81,12,9,11.41,clear sky
341,Ostrowiec Swietokrzyski,PL,50.9294,21.3853,59.09,67,77,14.74,light rain
342,Verkhoyansk,RU,67.5447,133.385,38.97,79,100,3.85,overcast clouds
343,Huesca,ES,42.1362,-0.4087,83.08,43,0,4.61,clear sky
344,Traverse City,US,44.7631,-85.6206,60.73,69,100,5.99,overcast clouds
345,Lodja,CD,-3.4833,23.4333,74.23,82,96,1.03,overcast clouds
346,Broken Hill,AU,-31.95,141.4333,54.41,89,98,11.39,overcast clouds
347,Ewa Beach,US,21.3156,-158.0072,82.4,73,0,8.05,clear sky
348,Moorhead,US,46.8739,-96.7676,45.99,54,100,9.22,overcast clouds
349,Saint Anthony,US,45.0205,-93.218,56.88,46,75,11.5,broken clouds
350,Tautira,PF,-17.7333,-149.15,79.12,74,17,11.5,few clouds
351,Kwekwe,ZW,-18.9281,29.8149,57.34,85,5,0.96,clear sky
352,Durres,AL,41.3231,19.4414,64.58,70,7,2.84,clear sky
353,Kjopsvik,NO,68.097,16.3742,51.67,91,45,4.74,scattered clouds
354,Saint-Pierre,RE,-21.3393,55.4781,71.28,78,20,4.61,few clouds
355,Dingle,PH,10.9995,122.6711,76.33,91,86,2.75,overcast clouds
356,Prado,BR,-17.3411,-39.2208,75.13,61,56,10.83,broken clouds
357,Bageshwar,IN,29.85,79.7667,66.34,38,10,3.65,clear sky
358,Khani,GE,41.9563,42.9566,45.97,73,0,5.03,clear sky
359,Evensk,RU,61.95,159.2333,38.61,95,100,3.87,overcast clouds
360,Kolpashevo,RU,58.3131,82.9089,47.23,84,87,5.73,overcast clouds
361,Tarko-Sale,RU,64.9225,77.785,44.28,68,96,7.16,overcast clouds
362,Wewak,PG,-3.5534,143.6268,77.92,87,68,5.23,broken clouds
363,Belgrade,RS,44.804,20.4651,75.38,42,0,6.91,clear sky
364,Saint-Augustin,CA,51.226,-58.6502,46.13,84,100,17.69,overcast clouds
365,Katherine,AU,-14.4667,132.2667,68.32,60,38,8.05,scattered clouds
366,Liwale,TZ,-9.7667,37.9333,67.32,72,37,2.26,scattered clouds
367,Olafsvik,IS,64.8945,-23.7142,43.74,80,91,19.73,overcast clouds
368,Rawlins,US,41.7911,-107.2387,44.49,33,40,6.91,scattered clouds
369,Natal,BR,-5.795,-35.2094,84.85,74,20,12.66,few clouds
370,Macae,BR,-22.3708,-41.7869,70.23,69,44,7.87,scattered clouds
371,Aklavik,CA,68.2191,-135.0107,35.06,83,100,11.5,overcast clouds
372,Ajdabiya,LY,30.7554,20.2263,65.97,74,0,12.5,clear sky
373,Nabire,ID,-3.3667,135.4833,75.15,92,100,3.11,moderate rain
374,La Cruz,MX,23.9167,-106.9,82.76,53,2,9.98,clear sky
375,Hovd,MN,48.0056,91.6419,58.41,28,9,1.03,clear sky
376,Orlik,RU,52.5178,99.825,46.56,62,34,3.85,scattered clouds
377,Sao Joao Da Barra,BR,-21.6403,-41.0511,77.09,65,7,12.82,clear sky
378,Okhotsk,RU,59.3833,143.3,34.14,99,100,5.5,light snow
379,Mechetinskaya,RU,46.7713,40.456,61.32,55,100,22.26,overcast clouds
380,Constitucion,CL,-35.3333,-72.4167,58.42,58,100,11.63,overcast clouds
381,Vila Franca Do Campo,PT,37.7167,-25.4333,64.81,90,77,4.88,broken clouds
382,Vila,PT,42.0304,-8.1588,65.28,89,98,7.56,overcast clouds
383,Lagoa,PT,39.05,-27.9833,64.06,94,76,4.65,broken clouds
384,Esmeraldas,BR,-19.7625,-44.3139,72.46,27,0,2.19,clear sky
385,Mobaye,CF,4.319,21.1786,71.65,91,25,1.21,light rain
386,Porto Walter,BR,-8.2686,-72.7439,88.66,46,42,2.89,scattered clouds
387,Chojnice,PL,53.6955,17.557,50.02,87,50,13.73,scattered clouds
388,Corn Island,NI,12.1694,-83.0418,82.62,73,100,7.92,moderate rain
389,Byron Bay,AU,-28.65,153.6167,59.7,85,100,11.45,light rain
390,San Jose,US,37.3394,-121.895,83.48,24,20,8.05,few clouds
391,Mackay,AU,-21.15,149.2,67.86,86,95,14.63,overcast clouds
392,Ayagoz,KZ,47.9714,80.4392,68.86,43,100,7.23,overcast clouds
393,Spassk,RU,52.747,87.7545,55.62,60,54,5.26,broken clouds
394,Mountain Home,US,43.133,-115.6912,62.08,23,0,4.61,clear sky
395,Fairbanks,US,64.8378,-147.7164,66.49,36,40,4.61,scattered clouds
396,Teeli,RU,51.0333,90.2333,58.06,48,8,1.95,clear sky
397,Coquimbo,CL,-29.9533,-71.3436,62.33,77,0,11.5,clear sky
398,Obo,CF,5.3998,26.4869,68.99,94,100,4.36,overcast clouds
399,Kalaleh,IR,37.3807,55.4916,57.49,77,88,1.97,overcast clouds
400,La Ronge,CA,55.1001,-105.2842,52.34,29,66,4.43,broken clouds
401,Novska,HR,45.3406,16.9769,67.77,83,100,7.07,overcast clouds
402,Panama City,PA,8.9936,-79.5197,89.38,68,40,8.05,scattered clouds
403,Sereflikochisar,TR,38.9393,33.5386,62.53,40,0,3.38,clear sky
404,Mitu,CO,1.1983,-70.1733,77.68,91,75,0.92,broken clouds
405,Nichinan,JP,31.6,131.3667,60.03,89,100,3.74,overcast clouds
406,Damaturu,NG,11.747,11.9608,96.1,10,9,15.55,clear sky
407,Sawakin,SD,19.1059,37.3321,85.66,49,40,3.06,scattered clouds
408,Chissamba,AO,-12.1667,17.3333,64.06,52,3,2.68,clear sky
409,Baykit,RU,61.67,96.37,45.14,89,100,8.66,overcast clouds
410,Skibbereen,IE,51.55,-9.2667,57.11,93,100,11.07,overcast clouds
411,Pirgos,GR,35.1167,25.7178,69.62,62,88,6.29,overcast clouds
412,Dymytrove,UA,48.6077,32.9835,63.36,89,100,17.29,overcast clouds
413,Paris,FR,48.8534,2.3488,73.18,55,0,6.91,clear sky
414,Cairns,AU,-16.9167,145.7667,75.15,82,100,11.5,overcast clouds
415,Kumasi,GH,6.6885,-1.6244,71.13,98,100,3.4,light rain
416,Tyristrand,NO,60.0837,10.0966,52.29,97,100,0.47,light rain
417,Wanning,CN,18.8003,110.3967,77.43,91,77,3.89,moderate rain
418,Richards Bay,ZA,-28.783,32.0377,63.07,87,100,13.15,light rain
419,Garowe,SO,8.4054,48.4845,86.38,47,66,25.77,broken clouds
420,Mirnyy,RU,62.5353,113.9611,49.23,66,99,3.49,overcast clouds
421,Changde,CN,29.0464,111.6783,67.42,85,100,1.07,overcast clouds
422,Filadelfia,US,39.9523,-75.1638,95.99,45,75,9.22,broken clouds
423,Skjervoy,NO,70.0311,20.9714,46.4,88,100,2.01,overcast clouds
424,Gobabis,NA,-22.45,18.9667,46.67,51,0,6.85,clear sky
425,Narbonne,FR,43.0833,2.8333,78.03,57,80,2.84,broken clouds
426,Kargasok,RU,59.0556,80.8572,46.71,84,100,6.55,overcast clouds
427,Outlook,CA,51.5001,-107.0513,57.24,33,100,8.86,overcast clouds
428,Sisophon,KH,13.5859,102.9737,76.98,89,100,6.31,overcast clouds
429,Ballina,AU,-28.8667,153.5667,59.77,85,100,12.71,overcast clouds
430,Mercedes,AR,-34.6515,-59.4307,74.86,29,0,4.68,clear sky
431,Mehran,IR,33.1222,46.1646,80.98,10,98,11.43,overcast clouds
432,Sapiranga,BR,-29.6381,-51.0069,69.96,58,6,3.11,clear sky
433,Shingu,JP,33.7333,135.9833,61.02,89,81,3.42,broken clouds
434,Jodhpur,IN,26.2867,73.03,86.61,57,0,22.5,clear sky
435,Kjollefjord,NO,70.9457,27.3465,44.65,93,100,3.29,overcast clouds
436,Puerto Escondido,MX,15.85,-97.0667,88.63,70,40,9.22,scattered clouds
437,Te Anau,NZ,-45.4167,167.7167,45.54,88,100,4.97,overcast clouds
438,Ulagan,RU,50.6321,87.9563,53.55,61,51,2.08,broken clouds
439,Dunedin,NZ,-45.8742,170.5036,47.8,70,100,17.0,overcast clouds
440,Lompoc,US,34.6391,-120.4579,76.78,55,0,12.66,clear sky
441,Lagos,NG,6.5833,3.75,76.35,89,100,2.91,overcast clouds
442,Santa Maria,BR,-29.6842,-53.8069,64.98,63,93,3.06,overcast clouds
443,Nhulunbuy,AU,-12.2333,136.7667,79.41,73,41,9.22,scattered clouds
444,Manzhouli,CN,49.6,117.4333,55.0,28,59,6.53,broken clouds
445,Neka,IR,36.6508,53.299,55.15,87,1,3.98,clear sky
446,Zhigansk,RU,66.7697,123.3711,32.88,89,15,6.06,few clouds
447,Puerto Madero,MX,14.7208,-92.4215,89.8,62,100,5.75,overcast clouds
448,Iisalmi,FI,63.5592,27.1907,46.13,60,14,4.54,few clouds
449,Yerbogachen,RU,61.2767,108.0108,45.27,90,42,2.28,scattered clouds
450,Benton Harbor,US,42.1167,-86.4542,61.45,78,75,4.61,broken clouds
451,Dzhebariki-Khaya,RU,62.2167,135.8,39.18,89,100,2.33,overcast clouds
452,Bria,CF,6.5423,21.9863,72.43,78,27,2.77,scattered clouds
453,Kasama,ZM,-10.2129,31.1808,67.82,60,100,2.35,overcast clouds
454,Esperance,AU,-33.8667,121.9,57.04,69,54,12.12,broken clouds
455,Yulara,AU,-25.2406,130.9889,51.62,52,10,9.48,clear sky
456,Tucumcari,US,35.1717,-103.725,60.64,31,0,19.57,clear sky
457,Puerto Leguizamo,CO,-0.1934,-74.7819,79.47,80,92,2.17,overcast clouds
458,Great Bend,US,38.3645,-98.7648,54.03,49,100,21.85,overcast clouds
459,Stolin,BY,51.8912,26.846,52.27,72,5,19.98,clear sky
460,Inirida,CO,3.8653,-67.9239,81.5,78,85,2.71,overcast clouds
461,The Valley,AI,18.217,-63.0578,84.34,70,40,16.11,scattered clouds
462,Coahuayana,MX,18.7333,-103.6833,89.31,50,1,9.53,clear sky
463,Pisco,PE,-13.7,-76.2167,69.03,68,0,8.05,clear sky
464,Chapada Dos Guimaraes,BR,-15.4606,-55.7497,76.66,25,37,2.86,scattered clouds
465,Katete,UG,-0.7818,29.7544,62.89,90,100,3.24,overcast clouds
466,Aanekoski,FI,62.6946,25.818,50.07,36,20,4.56,few clouds
467,Paducah,US,37.0834,-88.6001,83.61,94,100,13.8,heavy intensity rain
468,Karaton,ID,-6.3424,106.1045,73.96,95,100,3.74,overcast clouds
469,Tateyama,JP,34.9833,139.8667,60.33,89,100,15.28,overcast clouds
470,Ikare,NG,7.4913,5.2322,73.13,97,100,3.87,overcast clouds
471,Formosa,AR,-26.1775,-58.1781,71.89,44,85,3.24,overcast clouds
472,Wajir,KE,1.7471,40.0573,85.06,52,100,20.51,overcast clouds
473,Ust-Nera,RU,64.5667,143.2,33.6,87,88,2.26,overcast clouds
474,Port Moresby,PG,-9.4431,147.1797,74.88,88,51,4.59,broken clouds
475,Lima,PE,-12.0432,-77.0282,62.85,77,100,8.05,overcast clouds
476,Komsomolskiy,UZ,40.4272,71.7189,66.92,63,75,9.22,broken clouds
477,Kamenka,RU,51.3223,42.7678,48.63,54,100,7.96,overcast clouds
478,Camocim,BR,-2.9022,-40.8411,83.3,77,55,6.29,light rain
479,Marsh Harbour,BS,26.5412,-77.0636,81.1,76,97,12.24,overcast clouds
480,Beloha,MG,-25.1667,45.05,69.31,52,0,7.2,clear sky
481,Nouadhibou,MR,20.931,-17.0347,66.45,86,1,25.08,clear sky
482,Geraldton,AU,-28.7667,114.6,57.61,88,40,12.66,scattered clouds
483,Dromolaxia,CY,34.8761,33.586,78.98,34,0,6.91,clear sky
484,Tura,IN,25.5198,90.2201,71.87,98,55,2.42,broken clouds
485,Krasnoarmeysk,RU,51.0239,45.6969,45.48,58,47,3.94,scattered clouds
486,Porto Velho,BR,-8.7619,-63.9039,87.85,40,0,3.44,clear sky
487,Loudi,CN,27.7344,111.9944,65.97,89,100,1.61,light rain
488,Sovetskiy,RU,61.3614,63.5842,36.91,94,100,10.13,light rain
489,Hervey Bay,AU,-25.2986,152.8535,69.1,82,99,19.04,overcast clouds
490,Playas,EC,-2.6333,-80.3833,75.25,84,67,12.59,broken clouds
491,Sokolo,ML,14.7328,-6.1219,101.46,18,82,4.59,broken clouds
492,Nsanje,MW,-16.92,35.262,76.78,73,57,0.45,broken clouds
493,Sapa,PH,5.1544,120.3241,81.12,82,89,7.78,overcast clouds
494,Saint-Paul,RE,-21.0096,55.2707,71.71,80,21,0.87,few clouds
495,Whitehorse,CA,60.7161,-135.0538,60.1,37,14,8.01,few clouds
496,Innisfail,AU,-17.5333,146.0333,72.23,87,94,6.29,overcast clouds
497,Pandan,PH,14.0453,124.1694,79.57,85,87,6.67,overcast clouds
498,Mogadishu,SO,2.0371,45.3438,79.99,85,100,17.09,overcast clouds
499,Changji,CN,44.0167,87.3167,75.99,22,0,6.71,clear sky
500,Aasiaat,GL,68.7098,-52.8699,34.34,81,100,5.1,overcast clouds
501,Nome,US,64.5011,-165.4064,57.16,50,0,18.41,clear sky
502,Mount Pleasant,US,32.7941,-79.8626,87.1,64,0,16.11,clear sky
503,Susanville,US,40.4163,-120.653,64.65,20,0,6.91,clear sky
504,Comodoro Rivadavia,AR,-45.8667,-67.5,58.86,41,0,13.8,clear sky
505,Pervomayskiy,RU,53.2485,40.2871,47.55,63,100,6.22,overcast clouds
506,Strezhevoy,RU,60.7333,77.5889,44.06,87,34,0.22,scattered clouds
507,Omboue,GA,-1.5746,9.2618,76.37,89,100,9.33,overcast clouds
508,Sabla,NG,12.7525,4.7077,90.88,38,71,10.76,light rain
509,Korla,CN,41.7597,86.1469,78.4,10,100,16.11,overcast clouds
510,Lucapa,AO,-8.4192,20.7447,74.12,48,96,3.44,overcast clouds
511,Bairiki,KI,1.3292,172.9752,80.6,83,75,5.75,moderate rain
512,Pangody,RU,65.85,74.4859,33.4,94,100,9.93,overcast clouds
513,Tadine,NC,-21.55,167.8833,74.8,91,100,23.94,overcast clouds
514,Igbo Ora,NG,7.4333,3.2833,76.21,85,100,6.26,overcast clouds
515,Kita,ML,13.0349,-9.4895,94.59,26,92,6.42,overcast clouds
516,Miraflores,MX,19.2167,-98.8083,83.16,18,25,4.65,scattered clouds
517,Adoni,IN,15.6333,77.2833,76.69,76,64,16.78,broken clouds
518,Sabinas,MX,27.85,-101.1167,99.43,21,0,2.64,clear sky
519,Mezen,RU,65.8522,44.24,29.25,74,100,7.65,overcast clouds
520,Ende,ID,-8.8432,121.6623,75.67,84,5,1.92,clear sky
521,Ulety,RU,51.3572,112.4849,54.68,83,100,8.72,light rain
522,Benguela,AO,-12.5763,13.4055,70.7,81,62,5.17,broken clouds
523,Jijiga,ET,9.35,42.8,68.99,44,28,6.22,scattered clouds
524,Rocha,UY,-34.4833,-54.3333,62.73,61,100,7.11,overcast clouds
525,Abapo,BO,-18.8333,-63.4667,74.66,36,10,4.59,clear sky
526,Portland,US,45.5234,-122.6762,67.68,56,20,10.36,few clouds
527,Bayshore Gardens,US,27.4253,-82.5904,93.06,58,75,6.91,broken clouds
528,Stromness,GB,58.965,-3.296,53.56,84,98,5.01,overcast clouds
529,Derzhavinsk,KZ,51.1,66.3167,50.22,69,100,12.64,overcast clouds
530,Tilichiki,RU,60.4667,166.1,34.57,90,100,2.46,overcast clouds
531,Santa Marta,CO,11.2408,-74.199,87.06,66,17,11.18,few clouds
532,Ayacucho,PE,-13.1583,-74.2239,68.95,42,83,3.4,broken clouds
533,Abha,SA,18.2164,42.5053,70.05,37,0,0.0,clear sky
534,Wuchang,CN,44.9143,127.15,52.74,67,5,2.24,clear sky
535,Ampanihy,MG,-24.7,44.75,70.61,52,0,6.71,clear sky
536,Waipawa,NZ,-41.4122,175.5153,44.65,86,10,1.48,clear sky
537,Miandrivazo,MG,-19.5167,45.4667,73.44,64,6,2.59,clear sky
538,Imbituba,BR,-28.24,-48.6703,65.08,84,0,3.0,clear sky
539,Flin Flon,CA,54.7682,-101.865,54.68,31,65,9.93,broken clouds
540,Casa Grande,US,32.8795,-111.7573,91.98,15,0,16.11,clear sky
541,Ornskoldsvik,SE,63.2909,18.7153,58.15,38,0,4.61,clear sky
542,Kawalu,ID,-7.3817,108.2082,72.45,95,94,1.39,overcast clouds
543,Bokhan,RU,53.153,103.7714,48.74,83,95,2.89,overcast clouds
544,Flinders,AU,-34.5833,150.8552,55.18,93,100,3.0,overcast clouds
545,Patiya,BD,22.2931,91.9762,78.44,95,100,7.61,moderate rain
546,Lakshmipur,BD,22.95,90.8333,82.54,84,100,6.53,overcast clouds
547,Daru,PG,-9.0763,143.2092,79.61,79,15,12.24,few clouds
548,Algemesi,ES,39.1833,-0.4333,78.87,67,100,3.09,overcast clouds
549,Isabela,PH,6.7085,121.9711,78.75,84,100,2.71,overcast clouds
550,Edson,CA,53.5835,-116.4356,55.98,26,83,2.24,broken clouds
551,Barranca,PE,-10.75,-77.7667,68.47,73,15,9.01,few clouds
552,Sobolevo,RU,54.4299,31.8996,45.57,98,100,10.0,overcast clouds
553,Corvallis,US,44.5646,-123.262,65.8,60,0,6.91,clear sky
554,Baherden,TM,38.4362,57.4316,67.12,38,61,10.56,broken clouds
555,Klyuchi,RU,52.2667,79.1667,66.7,45,100,8.25,overcast clouds
556,Aguilas,ES,37.4063,-1.5829,77.58,45,98,7.27,overcast clouds
557,Sinegorye,RU,62.0788,150.477,34.74,85,100,4.52,overcast clouds
558,Lewisporte,CA,49.2499,-55.0482,70.56,25,88,8.75,overcast clouds
559,Collie,AU,-33.3667,116.15,55.02,80,0,6.06,clear sky
560,Ouallam,NE,14.3188,2.0866,93.79,26,36,7.05,scattered clouds
561,Altay,CN,47.8667,88.1167,68.67,23,100,9.31,overcast clouds
562,Namatanai,PG,-3.6667,152.4333,79.18,77,64,7.16,broken clouds
563,Jawhar,SO,2.7809,45.5005,77.81,80,100,15.55,overcast clouds
564,Xining,CN,36.6167,101.7667,51.62,65,16,2.33,few clouds
565,Lichinga,MZ,-13.3128,35.2406,59.04,88,5,3.51,clear sky
566,Kupino,RU,54.3663,77.2981,70.54,32,100,17.09,overcast clouds
567,Takoradi,GH,4.8845,-1.7554,77.72,87,100,11.68,moderate rain
568,Paamiut,GL,61.994,-49.6678,35.83,84,10,13.58,clear sky
569,Bay City,US,43.5945,-83.8889,67.1,64,100,14.97,overcast clouds
570,Isangel,VU,-19.55,169.2667,78.19,88,100,16.58,overcast clouds
571,Ambilobe,MG,-13.2,49.05,74.39,81,40,2.84,scattered clouds
572,Letlhakane,BW,-21.4167,25.5833,52.2,46,5,6.55,clear sky
573,Resistencia,AR,-27.4606,-58.9839,75.06,47,0,1.3,clear sky
574,Vallenar,CL,-28.5708,-70.7581,78.96,20,0,5.84,clear sky
575,Nalhati,IN,24.3,87.8167,85.42,66,6,7.78,clear sky
576,Ikeda,JP,34.8221,135.4298,61.93,99,97,1.97,overcast clouds
577,Nimes,FR,43.8333,4.35,76.75,78,0,5.75,clear sky
578,Vostok,RU,46.4856,135.8833,49.41,97,95,2.55,overcast clouds
579,Port Shepstone,ZA,-30.7414,30.455,64.51,76,100,15.79,light rain
580,Cabedelo,BR,-6.9811,-34.8339,83.07,76,8,12.5,clear sky
581,Kuching,MY,1.55,110.3333,75.42,100,40,0.0,scattered clouds
582,Isla Vista,US,34.4133,-119.861,77.0,65,75,10.36,broken clouds
583,Gayny,RU,60.3071,54.3241,34.07,97,100,5.95,overcast clouds
584,Scarborough,GB,54.2797,-0.4044,59.79,69,79,1.01,broken clouds
585,Alappuzha,IN,9.49,76.3264,79.95,84,75,9.82,broken clouds
586,California City,US,35.1258,-117.9859,77.4,12,0,5.75,clear sky
587,Saint-Francois,FR,46.4154,3.9054,76.44,61,0,8.05,clear sky
588,Liberia,LR,6.5,-9.5,73.49,98,100,3.91,light rain
589,Gazimurskiy Zavod,RU,51.5461,118.3266,46.87,54,97,5.21,overcast clouds
590,Dawei,MM,14.0833,98.2,77.58,94,100,5.64,overcast clouds
591,Cabinda,AO,-5.55,12.2,75.94,79,10,6.44,clear sky
592,Labuhan,ID,-6.8844,112.2051,78.22,87,100,7.11,overcast clouds
593,Juybar,IR,36.6412,52.9124,57.06,86,0,4.0,clear sky
594,Yatou,CN,37.15,122.3833,60.85,83,0,9.06,clear sky
595,Los Chiles,CR,11.0333,-84.7167,89.15,56,78,0.94,broken clouds
596,Linfen,CN,36.0889,111.5189,72.95,34,100,2.62,overcast clouds
597,Ban Nahin,LA,18.2418,104.2122,74.75,99,100,2.28,light rain
598,Coihaique,CL,-45.5752,-72.0662,40.95,87,100,4.61,overcast clouds
599,Gushikawa,JP,26.3544,127.8686,70.83,94,0,0.0,clear sky
600,Tambura,SS,5.6,27.4667,69.64,97,100,4.83,overcast clouds
601,Vizinga,RU,61.0749,50.1031,31.28,97,100,6.87,light snow
602,Arzgir,RU,45.3728,44.2206,56.73,74,100,8.46,overcast clouds
603,Nemuro,JP,43.3236,145.575,48.85,99,100,11.39,overcast clouds
604,Pahrump,US,36.2083,-115.9839,76.84,9,4,4.0,clear sky
605,Walvis Bay,NA,-22.9575,14.5053,56.08,57,0,14.9,clear sky
606,Hanumangarh,IN,29.5833,74.3167,91.2,19,0,5.82,clear sky
607,Svetlyy,RU,54.675,20.1347,48.25,92,100,19.04,overcast clouds
608,Rincon,US,32.296,-81.2354,87.76,63,75,20.71,broken clouds
609,Rantepao,ID,-2.9701,119.8978,66.38,93,98,1.54,overcast clouds
610,Sabang,ID,5.8933,95.3214,83.68,78,100,21.54,overcast clouds
611,Palmer,US,42.1584,-72.3287,90.91,56,20,8.05,few clouds
612,Alghero,IT,40.5589,8.3181,71.69,83,0,5.75,clear sky
613,Havelock,US,34.8791,-76.9013,91.36,80,98,8.99,overcast clouds
614,Kainantu,PG,-6.2887,145.8655,56.41,95,97,1.74,overcast clouds
615,Roma,US,43.2128,-75.4557,91.54,49,20,9.22,few clouds
616,Big Bend,SZ,-26.8167,31.9333,61.81,94,100,0.27,overcast clouds
617,Rosport,LU,49.7978,6.5042,64.87,83,100,3.15,overcast clouds
618,Sur,OM,22.5667,59.5289,91.45,51,0,12.82,clear sky
619,Riyadh,SA,24.6877,46.7219,93.34,11,0,12.12,clear sky
620,Bukachacha,RU,52.9833,116.9167,54.79,39,100,3.83,overcast clouds
621,Amurzet,RU,47.6967,131.0981,49.03,89,8,4.0,clear sky
622,Lebedinyy,RU,58.5167,125.5167,34.38,86,20,8.21,few clouds
623,Marfino,RU,55.7028,37.3822,53.85,42,0,4.47,clear sky
624,Hasaki,JP,35.7333,140.8333,59.4,89,100,17.49,light rain
625,Ibra,OM,22.6906,58.5334,87.84,36,5,6.02,clear sky
626,Naryan-Mar,RU,67.6713,53.087,25.43,87,94,10.96,overcast clouds
627,Valparaiso,CL,-33.0393,-71.6273,75.43,54,0,13.8,clear sky
628,Horta,PT,38.5333,-28.6333,64.04,100,100,6.91,drizzle
629,Pacific Grove,US,36.6177,-121.9166,71.35,75,0,7.0,haze
630,Nioro,GM,13.35,-15.75,88.25,37,100,15.95,overcast clouds
631,Porto Recanati,IT,43.4365,13.6613,75.97,10,1,8.41,clear sky
632,Kalmunai,LK,7.4167,81.8167,82.09,73,89,7.09,overcast clouds
633,Saint Peters,US,38.8003,-90.6265,61.18,86,100,5.75,light rain
634,Port Lincoln,AU,-34.7333,135.8667,58.68,81,0,11.41,clear sky
635,Debre Tabor,ET,11.85,38.0167,61.95,55,100,3.11,overcast clouds
636,Gamba,GA,-2.65,10.0,76.48,84,100,8.5,overcast clouds
637,Vilhena,BR,-12.7406,-60.1458,83.89,35,46,2.48,scattered clouds
638,Caibarien,CU,22.5206,-79.4669,90.72,72,86,19.57,overcast clouds
639,Margate,GB,51.3813,1.3862,61.88,67,100,1.99,overcast clouds
640,San Jose Del Guaviare,CO,2.5729,-72.6459,82.13,69,82,1.36,broken clouds
641,Plettenberg Bay,ZA,-34.0527,23.3716,56.14,76,8,3.91,clear sky
642,Salamiyah,SY,35.0113,37.0532,77.09,14,100,11.79,overcast clouds
643,Benidorm,ES,38.5382,-0.131,76.32,56,100,3.74,overcast clouds
644,Bermeo,ES,43.4209,-2.7215,66.6,82,100,4.25,overcast clouds
645,Vrangel,RU,42.7297,133.0839,51.03,93,12,3.58,few clouds
646,Longonjo,AO,-12.9067,15.2533,61.0,47,41,2.15,scattered clouds
647,Necochea,AR,-38.5473,-58.7368,59.49,58,100,9.37,overcast clouds
648,Winnemucca,US,40.973,-117.7357,64.45,15,20,0.0,few clouds
649,Tazovskiy,RU,67.4667,78.7,34.21,92,97,3.0,overcast clouds
650,Buala,SB,-8.145,159.5921,79.41,81,83,5.35,broken clouds
651,Ingham,US,42.6,-84.3833,71.17,77,100,4.61,overcast clouds
652,Puerto Parra,CO,6.6515,-74.0573,87.71,57,24,2.35,few clouds
653,Bagdarin,RU,54.4333,113.6,50.52,83,100,9.93,moderate rain
654,Novikovo,RU,51.1537,37.8879,50.77,96,100,10.76,light rain
655,Kandiari,PK,26.9156,68.5216,97.86,4,0,9.84,clear sky
656,Kanashevo,RU,55.2169,62.0634,39.76,95,100,14.63,overcast clouds
657,North Bend,US,43.4065,-124.2243,65.25,80,0,19.57,clear sky
658,Vuktyl,RU,63.8567,57.3094,37.54,78,100,8.77,overcast clouds
659,Shubarkuduk,KZ,49.1447,56.4872,41.05,87,97,22.68,overcast clouds
660,Taber,CA,49.8167,-112.1518,47.62,32,100,6.96,overcast clouds
661,Buritis,BR,-15.6178,-46.4233,83.03,21,9,1.63,clear sky
662,Gawler,AU,-34.6,138.7333,57.47,84,0,7.94,clear sky
663,Asau,RO,46.4333,26.4,68.92,79,8,5.75,clear sky
664,Clifton,US,40.8584,-74.1638,95.76,48,0,12.66,clear sky
665,Spencer,US,43.1414,-95.1444,53.64,61,100,8.05,overcast clouds
666,Kiunga,PG,-6.1219,141.2906,71.64,100,99,1.1,overcast clouds
667,Honiara,SB,-9.4333,159.95,77.29,85,14,1.63,few clouds
668,Ambon,ID,-3.6954,128.1814,77.14,94,20,0.0,few clouds
669,Aguazul,CO,5.1728,-72.5471,81.34,80,52,5.37,broken clouds
670,Seymchan,RU,62.8833,152.4333,40.57,78,99,5.53,overcast clouds
671,Celestun,MX,20.8667,-90.4,91.71,59,2,9.71,clear sky
672,Puerto Madryn,AR,-42.7692,-65.0385,63.7,37,100,17.09,overcast clouds
673,Muravlenko,RU,63.7898,74.523,39.72,76,100,10.71,overcast clouds
674,Ixtapa,MX,20.7,-105.2,81.63,65,0,12.66,clear sky
675,Shekhupura,PK,31.7131,73.9783,87.85,15,0,7.29,clear sky
